member_id,status,age
M0001,inactive,36
M0002,inactive,86
M0003,active,31
M0004,active,30
M0005,inactive,43
M0006,active,34
M0007,inactive,66
M0008,inactive,26
M0009,active,82
M0010,active,79
M0011,inactive,18
M0012,active,56
M0013,active,25
M0014,inactive,36
M0015,active,48
M0016,active,50
M0017,inactive,51
M0018,inactive,84
M0019,active,36
M0020,inactive,31
M0021,inactive,66
M0022,inactive,86
M0023,active,84
M0024,inactive,81
M0025,active,22
M0026,inactive,85
M0027,active,64
M0028,active,80
M0029,inactive,47
M0030,inactive,33
M0031,inactive,75
M0032,inactive,65
M0033,active,74
M0034,inactive,32
M0035,inactive,27
M0036,active,72
M0037,inactive,19
M0038,active,86
M0039,inactive,27
M0040,active,61
M0041,active,48
M0042,active,41
M0043,inactive,30
M0044,inactive,74
M0045,inactive,83
M0046,active,70
M0047,inactive,61
M0048,inactive,69
M0049,inactive,56
M0050,inactive,58
M0051,inactive,83
M0052,inactive,38
M0053,inactive,33
M0054,inactive,86
M0055,inactive,85
M0056,inactive,52
M0057,active,75
M0058,inactive,71
M0059,inactive,86
M0060,active,23
M0061,inactive,82
M0062,inactive,54
M0063,inactive,50
M0064,inactive,67
M0065,inactive,62
M0066,active,49
M0067,inactive,38
M0068,active,84
M0069,inactive,76
M0070,active,25
M0071,inactive,47
M0072,active,72
M0073,active,81
M0074,inactive,87
M0075,active,35
M0076,inactive,82
M0077,inactive,68
M0078,inactive,22
M0079,inactive,33
M0080,active,31
M0081,active,23
M0082,active,67
M0083,inactive,40
M0084,active,67
M0085,inactive,23
M0086,inactive,80
M0087,active,68
M0088,active,74
M0089,active,61
M0090,active,50
M0091,inactive,31
M0092,active,85
M0093,inactive,28
M0094,inactive,55
M0095,active,26
M0096,active,25
M0097,inactive,68
M0098,active,81
M0099,inactive,51
M0100,inactive,75
M0101,active,79
M0102,active,56
M0103,active,73
M0104,inactive,39
M0105,active,28
M0106,active,31
M0107,active,18
M0108,active,23
M0109,inactive,72
M0110,active,83
M0111,active,22
M0112,active,69
M0113,inactive,73
M0114,active,67
M0115,inactive,53
M0116,active,52
M0117,active,68
M0118,inactive,35
M0119,inactive,72
M0120,inactive,31
M0121,active,20
M0122,active,85
M0123,active,24
M0124,inactive,32
M0125,inactive,22
M0126,inactive,18
M0127,inactive,26
M0128,active,84
M0129,inactive,68
M0130,inactive,47
M0131,active,18
M0132,inactive,77
M0133,inactive,52
M0134,active,79
M0135,inactive,54
M0136,inactive,23
M0137,inactive,23
M0138,active,74
M0139,inactive,34
M0140,active,28
M0141,inactive,47
M0142,active,36
M0143,inactive,37
M0144,active,75
M0145,active,51
M0146,active,89
M0147,active,25
M0148,inactive,39
M0149,active,81
M0150,inactive,49
M0151,active,73
M0152,active,49
M0153,inactive,47
M0154,inactive,81
M0155,active,40
M0156,inactive,57
M0157,active,58
M0158,inactive,21
M0159,active,25
M0160,inactive,34
M0161,inactive,18
M0162,active,67
M0163,inactive,59
M0164,active,42
M0165,active,48
M0166,inactive,20
M0167,inactive,46
M0168,active,78
M0169,active,20
M0170,inactive,65
M0171,active,67
M0172,active,33
M0173,active,39
M0174,active,30
M0175,active,58
M0176,active,44
M0177,inactive,27
M0178,inactive,38
M0179,inactive,35
M0180,inactive,89
M0181,inactive,61
M0182,inactive,52
M0183,inactive,53
M0184,active,59
M0185,inactive,88
M0186,active,45
M0187,active,22
M0188,inactive,31
M0189,inactive,18
M0190,inactive,32
M0191,inactive,61
M0192,active,36
M0193,active,78
M0194,active,86
M0195,active,26
M0196,inactive,76
M0197,active,65
M0198,active,89
M0199,inactive,31
M0200,active,73
M0001,active,40
M9999,unknown,30
